iteration,train_mll,train_error,test_mll,test_error
0,-48.92070007324219,1.00251042842865,-47.94306564331055,0.9927253723144531
1,-6.261842727661133,0.34428006410598755,-6.1456122398376465,0.33977410197257996
