communications,iteration,train_mll,train_acc,test_mll,test_acc
0,0,-0.6922553777694702,0.8836817145347595,-0.6922606229782104,0.8803362250328064
2,1,-0.24850623309612274,0.8836817145347595,-0.25719285011291504,0.8803362250328064
