iteration,train_mll,train_error,test_mll,test_error
0,-60.753623962402344,1.0120887756347656,-60.25788879394531,1.0025355815887451
1,-4.190279006958008,0.3300880789756775,-4.058361053466797,0.32611292600631714
